Author,Number of Papers
EJ Velazquez,1
D Israelski,1
V Fuster,1
E Bartlett,1
E Green,1
O Sohaib,1
R Flournoy,1
J Lee,1
A Siegel,1
V Wulf,1
P Owiti,1
AK Sin,1
S Kimaiyo,1
K Kang,1
BP Shrimali,1
A Yeung,1
A Boden,1
DK Rosner,1
M Ames,1
SL Martins,1
KG Brand,1
J Kamano,1
I Seiborger,1
M Elteir,1
SQ Mistretta,1
B Longo,1
D Loffler,1
CR Horowitz,1
WM Sheta,1
K Lindner,1
S Kim,1
A Shoa'la,1
J Hurtienne,1
ML Gilliam,1
T Clemmensen,1
Y Jeong,1
D Ascheim,1
C Le Dantec,1
A Keny,1
C Boks,1
R Chhatpar,1
R Fabricant,1
S Lazem,1
N Takeyama,1
DW Randall,1
L Diero,1
AE Wood,1
A Campbell,1
J Liu,1
C Catalani,1
R Sulaiman,1
CA Mattson,1
S Fox,1
JL Holl,1
J Luginbuhl,1
P Biondich,1
HB Zaman,1
A Ahmad,1
C Malin,1
M Ntinda,1
H Thinyane,1
R Vedanthan,1
B Aryana,1
